REF_DATE,North American Industry Classification System (NAICS),VALUE,quarter
1997-01-01,Construction [23],90.742,1
1997-04-01,Construction [23],93.112,2
1997-07-01,Construction [23],91.897,3
1997-10-01,Construction [23],93.199,4
1998-01-01,Construction [23],94.663,1
1998-04-01,Construction [23],92.713,2
1998-07-01,Construction [23],89.841,3
1998-10-01,Construction [23],89.265,4
1999-01-01,Construction [23],91.777,1
1999-04-01,Construction [23],91.668,2
1999-07-01,Construction [23],92.481,3
1999-10-01,Construction [23],93.04,4
2000-01-01,Construction [23],94.792,1
2000-04-01,Construction [23],93.919,2
2000-07-01,Construction [23],94.5,3
2000-10-01,Construction [23],95.365,4
2001-01-01,Construction [23],96.059,1
2001-04-01,Construction [23],97.933,2
2001-07-01,Construction [23],99.707,3
2001-10-01,Construction [23],100.632,4
2002-01-01,Construction [23],99.565,1
2002-04-01,Construction [23],100.744,2
2002-07-01,Construction [23],101.324,3
2002-10-01,Construction [23],101.893,4
2003-01-01,Construction [23],101.377,1
2003-04-01,Construction [23],103.183,2
2003-07-01,Construction [23],102.983,3
2003-10-01,Construction [23],103.09,4
2004-01-01,Construction [23],102.138,1
2004-04-01,Construction [23],101.636,2
2004-07-01,Construction [23],101.954,3
2004-10-01,Construction [23],101.371,4
2005-01-01,Construction [23],101.74,1
2005-04-01,Construction [23],102.924,2
2005-07-01,Construction [23],100.744,3
2005-10-01,Construction [23],99.326,4
2006-01-01,Construction [23],99.376,1
2006-04-01,Construction [23],99.009,2
2006-07-01,Construction [23],99.869,3
2006-10-01,Construction [23],100.179,4
2007-01-01,Construction [23],100.57,1
2007-04-01,Construction [23],99.184,2
2007-07-01,Construction [23],98.293,3
2007-10-01,Construction [23],96.147,4
2008-01-01,Construction [23],95.06,1
2008-04-01,Construction [23],93.504,2
2008-07-01,Construction [23],93.739,3
2008-10-01,Construction [23],95.362,4
2009-01-01,Construction [23],93.954,1
2009-04-01,Construction [23],95.452,2
2009-07-01,Construction [23],95.741,3
2009-10-01,Construction [23],98.013,4
2010-01-01,Construction [23],97.973,1
2010-04-01,Construction [23],95.853,2
2010-07-01,Construction [23],96.861,3
2010-10-01,Construction [23],96.358,4
2011-01-01,Construction [23],98.106,1
2011-04-01,Construction [23],97.35,2
2011-07-01,Construction [23],97.245,3
2011-10-01,Construction [23],97.688,4
2012-01-01,Construction [23],97.423,1
2012-04-01,Construction [23],97.822,2
2012-07-01,Construction [23],97.552,3
2012-10-01,Construction [23],97.716,4
2013-01-01,Construction [23],98.504,1
2013-04-01,Construction [23],100.76,2
2013-07-01,Construction [23],100.205,3
2013-10-01,Construction [23],101.093,4
2014-01-01,Construction [23],101.064,1
2014-04-01,Construction [23],101.918,2
2014-07-01,Construction [23],101.124,3
2014-10-01,Construction [23],101.597,4
2015-01-01,Construction [23],100.618,1
2015-04-01,Construction [23],98.695,2
2015-07-01,Construction [23],99.422,3
2015-10-01,Construction [23],99.638,4
2016-01-01,Construction [23],99.729,1
2016-04-01,Construction [23],99.831,2
2016-07-01,Construction [23],100.533,3
2016-10-01,Construction [23],101.038,4
2017-01-01,Construction [23],100.027,1
2017-04-01,Construction [23],99.388,2
2017-07-01,Construction [23],99.794,3
2017-10-01,Construction [23],100.778,4
2018-01-01,Construction [23],101.601,1
2018-04-01,Construction [23],102.972,2
2018-07-01,Construction [23],100.322,3
2018-10-01,Construction [23],97.282,4
2019-01-01,Construction [23],98.709,1
2019-04-01,Construction [23],98.851,2
2019-07-01,Construction [23],99.104,3
2019-10-01,Construction [23],100.002,4
2020-01-01,Construction [23],109.913,1
2020-04-01,Construction [23],132.066,2
2020-07-01,Construction [23],108.327,3
2020-10-01,Construction [23],104.09,4
2021-01-01,Construction [23],102.401,1
2021-04-01,Construction [23],101.542,2
2021-07-01,Construction [23],97.324,3
2021-10-01,Construction [23],95.874,4
2022-01-01,Construction [23],96.495,1
2022-04-01,Construction [23],94.084,2
2022-07-01,Construction [23],93.313,3
2022-10-01,Construction [23],91.343,4
2023-01-01,Construction [23],89.729,1
2023-04-01,Construction [23],89.497,2
2023-07-01,Construction [23],89.282,3
2023-10-01,Construction [23],88.291,4
2024-01-01,Construction [23],88.282,1
2024-04-01,Construction [23],87.745,2
