REF_DATE,North American Industry Classification System (NAICS),VALUE,quarter,pct_change
1997-01-01,Mining and oil and gas extraction [21],106.52,1,0.0
1997-04-01,Mining and oil and gas extraction [21],103.928,2,-2.4333458505444994
1997-07-01,Mining and oil and gas extraction [21],106.132,3,2.1206989454237712
1997-10-01,Mining and oil and gas extraction [21],107.555,4,1.3407831756680366
1998-01-01,Mining and oil and gas extraction [21],111.283,1,3.466133606062005
1998-04-01,Mining and oil and gas extraction [21],114.409,2,2.80905439285426
1998-07-01,Mining and oil and gas extraction [21],118.891,3,3.917523971016257
1998-10-01,Mining and oil and gas extraction [21],124.581,4,4.78589632520543
1999-01-01,Mining and oil and gas extraction [21],132.38,1,6.260184137227975
1999-04-01,Mining and oil and gas extraction [21],130.576,2,-1.3627436168605511
1999-07-01,Mining and oil and gas extraction [21],130.847,3,0.20754196789609658
1999-10-01,Mining and oil and gas extraction [21],126.653,4,-3.205270277499672
2000-01-01,Mining and oil and gas extraction [21],123.158,1,-2.759508262733612
2000-04-01,Mining and oil and gas extraction [21],120.914,2,-1.8220497247438239
2000-07-01,Mining and oil and gas extraction [21],116.201,3,-3.8978116677969576
2000-10-01,Mining and oil and gas extraction [21],114.779,4,-1.2237416201237528
2001-01-01,Mining and oil and gas extraction [21],110.517,1,-3.713222802080518
2001-04-01,Mining and oil and gas extraction [21],110.421,2,-0.08686446429054806
2001-07-01,Mining and oil and gas extraction [21],110.733,3,0.2825549487869061
2001-10-01,Mining and oil and gas extraction [21],113.454,4,2.4572620627997033
2002-01-01,Mining and oil and gas extraction [21],116.145,1,2.3718864033000164
2002-04-01,Mining and oil and gas extraction [21],118.032,2,1.6246932713418483
2002-07-01,Mining and oil and gas extraction [21],119.128,3,0.9285617459672046
2002-10-01,Mining and oil and gas extraction [21],119.605,4,0.4004096434087723
2003-01-01,Mining and oil and gas extraction [21],119.704,1,0.08277245934533717
2003-04-01,Mining and oil and gas extraction [21],116.819,2,-2.410111608634624
2003-07-01,Mining and oil and gas extraction [21],116.032,3,-0.6736917795906572
2003-10-01,Mining and oil and gas extraction [21],113.514,4,-2.170091009376729
2004-01-01,Mining and oil and gas extraction [21],114.238,1,0.637806790351858
2004-04-01,Mining and oil and gas extraction [21],112.708,2,-1.339309161574953
2004-07-01,Mining and oil and gas extraction [21],107.777,3,-4.37502218121163
2004-10-01,Mining and oil and gas extraction [21],104.738,4,-2.819711070079889
2005-01-01,Mining and oil and gas extraction [21],102.169,1,-2.4527869541140723
2005-04-01,Mining and oil and gas extraction [21],100.819,2,-1.321340132525517
2005-07-01,Mining and oil and gas extraction [21],98.792,3,-2.0105337287614433
2005-10-01,Mining and oil and gas extraction [21],99.053,4,0.2641914325046457
2006-01-01,Mining and oil and gas extraction [21],95.425,1,-3.662685632943985
2006-04-01,Mining and oil and gas extraction [21],90.24,2,-5.4335865863243455
2006-07-01,Mining and oil and gas extraction [21],88.764,3,-1.6356382978723438
2006-10-01,Mining and oil and gas extraction [21],88.747,4,-0.019151908431336295
2007-01-01,Mining and oil and gas extraction [21],88.871,1,0.139723032891248
2007-04-01,Mining and oil and gas extraction [21],91.421,2,2.8693274521497614
2007-07-01,Mining and oil and gas extraction [21],89.993,3,-1.5620043534855355
2007-10-01,Mining and oil and gas extraction [21],85.591,4,-4.891491560454709
2008-01-01,Mining and oil and gas extraction [21],84.309,1,-1.4978210325852004
2008-04-01,Mining and oil and gas extraction [21],82.496,2,-2.15042284928062
2008-07-01,Mining and oil and gas extraction [21],82.506,3,0.012121799844844183
2008-10-01,Mining and oil and gas extraction [21],80.09,4,-2.928271883256972
2009-01-01,Mining and oil and gas extraction [21],80.264,1,0.21725558746408247
2009-04-01,Mining and oil and gas extraction [21],77.728,2,-3.1595734077544124
2009-07-01,Mining and oil and gas extraction [21],79.321,3,2.0494545080280036
2009-10-01,Mining and oil and gas extraction [21],81.187,4,2.3524665599273797
2010-01-01,Mining and oil and gas extraction [21],81.877,1,0.8498897606759703
2010-04-01,Mining and oil and gas extraction [21],80.575,2,-1.5901901632937143
2010-07-01,Mining and oil and gas extraction [21],77.773,3,-3.4775054297238706
2010-10-01,Mining and oil and gas extraction [21],79.851,4,2.6718784153883846
2011-01-01,Mining and oil and gas extraction [21],76.89,1,-3.708156441372057
2011-04-01,Mining and oil and gas extraction [21],76.275,2,-0.7998439328911311
2011-07-01,Mining and oil and gas extraction [21],79.012,3,3.58833169452637
2011-10-01,Mining and oil and gas extraction [21],76.697,4,-2.9299346934642756
2012-01-01,Mining and oil and gas extraction [21],74.824,1,-2.4420772650820877
2012-04-01,Mining and oil and gas extraction [21],72.387,2,-3.25697637121779
2012-07-01,Mining and oil and gas extraction [21],68.673,3,-5.130755522400432
2012-10-01,Mining and oil and gas extraction [21],69.437,4,1.1125187482707855
2013-01-01,Mining and oil and gas extraction [21],70.968,1,2.204876362746089
2013-04-01,Mining and oil and gas extraction [21],70.832,2,-0.19163566677941057
2013-07-01,Mining and oil and gas extraction [21],72.054,3,1.7252089451095687
2013-10-01,Mining and oil and gas extraction [21],73.842,4,2.4814722291614633
2014-01-01,Mining and oil and gas extraction [21],75.768,1,2.608271715283994
2014-04-01,Mining and oil and gas extraction [21],81.368,2,7.390983000739082
2014-07-01,Mining and oil and gas extraction [21],80.518,3,-1.0446367122210143
2014-10-01,Mining and oil and gas extraction [21],83.842,4,4.128269455277089
2015-01-01,Mining and oil and gas extraction [21],86.952,1,3.7093580782901148
2015-04-01,Mining and oil and gas extraction [21],87.94,2,1.1362590854724353
2015-07-01,Mining and oil and gas extraction [21],96.069,3,9.24380259267683
2015-10-01,Mining and oil and gas extraction [21],98.548,4,2.580436977589029
2016-01-01,Mining and oil and gas extraction [21],98.638,1,0.09132605430857144
2016-04-01,Mining and oil and gas extraction [21],97.166,2,-1.4923254729414692
2016-07-01,Mining and oil and gas extraction [21],105.79,3,8.875532593705637
2016-10-01,Mining and oil and gas extraction [21],108.097,4,2.1807354192267647
2017-01-01,Mining and oil and gas extraction [21],104.715,1,-3.128671470993638
2017-04-01,Mining and oil and gas extraction [21],102.118,2,-2.480064938165505
2017-07-01,Mining and oil and gas extraction [21],99.692,3,-2.3756830333535706
2017-10-01,Mining and oil and gas extraction [21],93.976,4,-5.733659671789104
2018-01-01,Mining and oil and gas extraction [21],96.313,1,2.486805141738313
2018-04-01,Mining and oil and gas extraction [21],97.705,2,1.4452877597001423
2018-07-01,Mining and oil and gas extraction [21],97.726,3,0.021493270559336253
2018-10-01,Mining and oil and gas extraction [21],95.681,4,-2.0925853918097537
2019-01-01,Mining and oil and gas extraction [21],93.807,1,-1.9585915699041556
2019-04-01,Mining and oil and gas extraction [21],99.01,2,5.546494398072643
2019-07-01,Mining and oil and gas extraction [21],95.078,3,-3.971316028683969
2019-10-01,Mining and oil and gas extraction [21],96.752,4,1.7606596689034193
2020-01-01,Mining and oil and gas extraction [21],108.631,1,12.27778237142385
2020-04-01,Mining and oil and gas extraction [21],109.01,2,0.3488875182958928
2020-07-01,Mining and oil and gas extraction [21],99.935,3,-8.324924318869831
2020-10-01,Mining and oil and gas extraction [21],104.372,4,4.439885925851805
2021-01-01,Mining and oil and gas extraction [21],102.76,1,-1.5444755298355872
2021-04-01,Mining and oil and gas extraction [21],99.025,2,-3.6346827559361583
2021-07-01,Mining and oil and gas extraction [21],101.234,3,2.2307498106538537
2021-10-01,Mining and oil and gas extraction [21],99.009,4,-2.197878183219071
2022-01-01,Mining and oil and gas extraction [21],96.97,1,-2.0594087406195394
2022-04-01,Mining and oil and gas extraction [21],97.9,2,0.9590595029390636
2022-07-01,Mining and oil and gas extraction [21],98.553,3,0.6670071501531982
2022-10-01,Mining and oil and gas extraction [21],98.291,4,-0.26584680324293064
2023-01-01,Mining and oil and gas extraction [21],95.763,1,-2.57195470592424
2023-04-01,Mining and oil and gas extraction [21],93.534,2,-2.3276213151217084
2023-07-01,Mining and oil and gas extraction [21],93.35,3,-0.1967199093377947
2023-10-01,Mining and oil and gas extraction [21],94.447,4,1.175147295125889
2024-01-01,Mining and oil and gas extraction [21],94.162,1,-0.30175654070536684
2024-04-01,Mining and oil and gas extraction [21],95.84,2,1.7820352159044983
